{"vendors":[{"qrCode":"237818180747","company_name":"Unititech","name":"Muni","email":"munishnaramala@gmail.com","categories":["Air Tickets","Financial Services"],"phone":"9052792215","company_address":"Hyderabad","country":"India","state":"A.P","city":"Vizag","languagesPreferred":["Telugu"],"submittedDate":"2020-04-14T13:55:24.218Z","updatedDate":"2020-04-14T13:55:24.218Z","site":"","status":"unApproved"},{"qrCode":"948396430805","company_name":"testNam","name":"testPerson","email":"test@test.co.in","categories":["Baby Care"],"phone":"8886078143","company_address":"Guntur Bus stand","country":"India","state":"Andhra Pradesh","city":"Guntur","languagesPreferred":["Telugu"],"submittedDate":"2020-04-16T10:54:43.728Z","updatedDate":"2020-04-16T10:54:43.728Z","site":"","status":"unApproved"}]}